matrix,time,time(scl),flop,flop(scl),byte,byte(scl)
../matrix_large/t3dh_a.mtx,0.007060000000000,0.006930000000000,0.627659490084986,0.639433766233766,4.079950141643060,4.156486002886003
../matrix_large/cfd1.mtx,0.006980000000000,0.007005000000000,0.272065902578797,0.271094932191292,1.915829799426934,1.908992433975732
../matrix_large/rail_79841.mtx,0.007120000000000,0.007045000000000,0.089011516853933,0.089959119943222,0.848051123595506,0.857079347054649
../matrix_large/nd24k.mtx,0.007395000000000,0.006890000000000,3.892851115618662,4.178176197387518,23.629723867478027,25.361655732946300
../matrix_large/F2.mtx,0.006990000000000,0.007000000000000,0.767638054363376,0.766541428571428,4.892258082975680,4.885269142857142
../matrix_large/lhr71.mtx,0.007085000000000,0.007020000000000,0.431359774170783,0.435353846153846,2.866001411432604,2.892538461538462
