matrix,time(scl),time(vec),time(cublas),flop(vec),flop(cublas),flop(scl),byte(scl),byte(vec),byte(cublas)
n: 79171, nnz: 2215638, threads: 16
../matrix_large/t3dh_a.mtx,0.007065000000000,0.006880000000000,0.007485000000000,0.627215286624204,0.644080813953488,0.592020841683367,4.077062703467799,4.186693023255814,3.848289645958584
n: 70656, nnz: 949510, threads: 16
../matrix_large/cfd1.mtx,0.007010000000000,0.006970000000000,0.007470000000000,0.270901569186876,0.272456241032999,0.254219544846051,1.907630813124109,1.918578479196557,1.790159571619812
n: 79841, nnz: 316881, threads: 16
../matrix_large/rail_79841.mtx,0.007065000000000,0.006975000000000,0.007615000000000,0.089704458598726,0.090861935483871,0.083225476034143,0.854653078556263,0.865680860215054,0.792925016414970
n: 72000, nnz: 14393817, threads: 16
../matrix_large/nd24k.mtx,0.006930000000000,0.006920000000000,0.007330000000000,4.154059740259741,4.160062716763005,3.927371623465211,25.215268109668109,25.251706358381504,23.839264392905868
n: 71505, nnz: 2682895, threads: 16
../matrix_large/F2.mtx,0.006920000000000,0.007055000000000,0.007365000000000,0.775403179190751,0.760565556343019,0.728552613713510,4.941746242774567,4.847184124734231,4.643161439239647
n: 70304, nnz: 1528092, threads: 16
../matrix_large/lhr71.mtx,0.006890000000000,0.006985000000000,0.007380000000000,0.443568069666183,0.437535289906943,0.414117073170732,2.947114658925980,2.907032211882606,2.751439024390244
