matrix,time(scl),time(vec),time(cublas),flop(vec),flop(cublas),flop(scl),byte(scl),byte(vec),byte(cublas)
n: 79171, nnz: 2215638, threads: 8
../matrix_large/t3dh_a.mtx,0.007000000000000,0.006945000000000,0.007300000000000,0.633039428571429,0.638052699784017,0.607024109589041,4.114921142857143,4.147508711303096,3.945814794520548
n: 70656, nnz: 949510, threads: 8
../matrix_large/cfd1.mtx,0.006905000000000,0.007165000000000,0.007560000000000,0.275020999275887,0.265041172365666,0.251193121693122,1.936638957277335,1.866363154221912,1.768848148148148
n: 79841, nnz: 316881, threads: 8
../matrix_large/rail_79841.mtx,0.007080000000000,0.006965000000000,0.007415000000000,0.089514406779661,0.090992390524049,0.085470262980445,0.852842372881356,0.866923761665470,0.814312070128119
n: 72000, nnz: 14393817, threads: 8
../matrix_large/nd24k.mtx,0.006940000000000,0.007035000000000,0.007280000000000,4.148074063400577,4.092058848614072,3.954345329670330,25.178934870317001,24.838920824449179,24.002995604395604
n: 71505, nnz: 2682895, threads: 8
../matrix_large/F2.mtx,0.007005000000000,0.007030000000000,0.007420000000000,0.765994289793005,0.763270270270270,0.723152291105121,4.881782155603140,4.864421621621621,4.608744474393530
n: 70304, nnz: 1528092, threads: 8
../matrix_large/lhr71.mtx,0.007015000000000,0.006970000000000,0.007434000000000,0.435664148253742,0.438476901004304,0.411108958837772,2.894600142551675,2.913288378766141,2.731452784503631
