matrix,time(scl),time(vec),time(cublas),flop(vec),flop(cublas),flop(scl),byte(scl),byte(vec),byte(cublas)
n: 79171, nnz: 2215638, threads: 128
../matrix_large/t3dh_a.mtx,0.006975000000000,0.007040000000000,0.007550000000000,0.635308387096774,0.629442613636364,0.586923973509934,4.129669964157706,4.091540909090909,3.815158675496689
n: 70656, nnz: 949510, threads: 128
../matrix_large/cfd1.mtx,0.006995000000000,0.007200000000000,0.007745000000000,0.271482487491065,0.263752777777778,0.245193027759845,1.911721515368120,1.857290555555556,1.726596772111039
n: 79841, nnz: 316881, threads: 128
../matrix_large/rail_79841.mtx,0.006990000000000,0.007075000000000,0.007570000000000,0.090666952789700,0.089577667844523,0.083720211360634,0.863823175965665,0.853445088339223,0.797638573315720
n: 72000, nnz: 14393817, threads: 128
../matrix_large/nd24k.mtx,0.006935000000000,0.007045000000000,0.007340000000000,4.151064744051911,4.086250390347764,3.922020980926430,25.197088392213413,24.803663307310149,23.806785831062669
n: 71505, nnz: 2682895, threads: 128
../matrix_large/F2.mtx,0.006965000000000,0.007075000000000,0.007655000000000,0.770393395549174,0.758415547703180,0.700952318745918,4.909818234027279,4.833481837455830,4.467261136512083
n: 70304, nnz: 1528092, threads: 128
../matrix_large/lhr71.mtx,0.006900000000000,0.007055000000000,0.007245000000000,0.442925217391304,0.433194046775337,0.421833540372671,2.942843478260869,2.878188518781006,2.802708074534161
