matrix,time(scl),time(vec),time(cublas),flop(vec),flop(cublas),flop(scl),byte(scl),byte(vec),byte(cublas)
../matrix_large/t3dh_a.mtx,0.006950000000000,0.006960000000000,0.007715000000000,0.637593669064748,0.636677586206897,0.574371484121841,4.144524892086331,4.138570114942529,3.733564225534673
../matrix_large/cfd1.mtx,0.006915000000000,0.006940000000000,0.007460000000000,0.274623282718727,0.273634005763689,0.254560321715818,1.933838322487346,1.926872046109510,1.792559249329759
../matrix_large/rail_79841.mtx,0.007095000000000,0.006990000000000,0.008010000000000,0.089325158562368,0.090666952789700,0.079121348314607,0.851039323467230,0.863823175965665,0.753823220973783
../matrix_large/nd24k.mtx,0.007090000000000,0.006945000000000,0.007305000000000,4.060315091678421,4.145087688984881,3.940812320328542,24.646235260930890,25.160807487401005,23.920849828884325
../matrix_large/F2.mtx,0.007040000000000,0.007020000000000,0.007270000000000,0.762186079545454,0.764357549857550,0.738072902338377,4.857511931818182,4.871350997150997,4.703835488308116
../matrix_large/lhr71.mtx,0.006940000000000,0.007035000000000,0.007365000000000,0.440372334293948,0.434425586353945,0.414960488798371,2.925881844380403,2.886371002132196,2.757042769857434
