matrix,time(scl),time(vec),time(cublas),flop(vec),flop(cublas),flop(scl),byte(scl),byte(vec),byte(cublas)
n: 79171, nnz: 2215638, threads: 64
../matrix_large/t3dh_a.mtx,0.007035000000000,0.007075000000000,0.007460000000000,0.629889978678038,0.626328763250883,0.594004825737265,4.094448898365316,4.071300070671378,3.861186058981234
n: 70656, nnz: 949510, threads: 64
../matrix_large/cfd1.mtx,0.007025000000000,0.007155000000000,0.007494000000000,0.270323131672598,0.265411600279525,0.253405390979450,1.903557580071174,1.868971628232006,1.784426474512944
n: 79841, nnz: 316881, threads: 64
../matrix_large/rail_79841.mtx,0.006910000000000,0.007035000000000,0.007485000000000,0.091716642547033,0.090086993603412,0.084670941883768,0.873824023154848,0.858297654584222,0.806696593186373
n: 72000, nnz: 14393817, threads: 64
../matrix_large/nd24k.mtx,0.006930000000000,0.007090000000000,0.007395000000000,4.154059740259741,4.060315091678421,3.892851115618662,25.215268109668109,24.646235260930890,23.629723867478027
n: 71505, nnz: 2682895, threads: 64
../matrix_large/F2.mtx,0.007060000000000,0.007575000000000,0.007765000000000,0.760026912181303,0.708355115511551,0.691022537025113,4.843751274787536,4.514440132013202,4.403977334191887
n: 70304, nnz: 1528092, threads: 64
../matrix_large/lhr71.mtx,0.006980000000000,0.006960000000000,0.007220000000000,0.437848710601719,0.439106896551724,0.423294182825485,2.909114613180516,2.917474137931034,2.812412742382271
