matrix,time,time(scl),flop,flop(scl),byte,byte(scl)
m:79171
n:79171
nnz:2215638
../matrix_large/t3dh_a.mtx,7.000000000000000,6.000000000000000,0.633039428571428,0.738546000000000,4.114921142857143,4.800741333333333
m:70656
n:70656
nnz:949510
../matrix_large/cfd1.mtx,6.000000000000000,6.000000000000000,0.316503333333333,0.316503333333333,2.228748666666667,2.228748666666667
m:79841
n:79841
nnz:316881
../matrix_large/rail_79841.mtx,7.000000000000000,6.000000000000000,0.090537428571429,0.105627000000000,0.862589142857143,1.006354000000000
m:72000
n:72000
nnz:14393817
../matrix_large/nd24k.mtx,7.000000000000000,6.000000000000000,4.112519142857143,4.797939000000000,24.963115428571427,29.123634666666668
m:71505
n:71505
nnz:2682895
../matrix_large/F2.mtx,7.000000000000000,7.000000000000000,0.766541428571428,0.766541428571428,4.885269142857143,4.885269142857143
m:70304
n:70304
nnz:1528092
../matrix_large/lhr71.mtx,6.000000000000000,6.000000000000000,0.509364000000000,0.509364000000000,3.384270000000000,3.384270000000000
