matrix,time(scl),time(vec),time(cublas),flop(vec),flop(cublas),flop(scl),byte(scl),byte(vec),byte(cublas)
n: 79171, nnz: 2215638, threads: 32
../matrix_large/t3dh_a.mtx,0.006939000000000,0.007025000000000,0.007419000000000,0.638604409857328,0.630786619217082,0.597287505054590,4.151094970456838,4.100277295373665,3.882524329424451
n: 70656, nnz: 949510, threads: 32
../matrix_large/cfd1.mtx,0.006945000000000,0.007035000000000,0.007345000000000,0.273437005039597,0.269938877043355,0.258545949625596,1.925484809215263,1.900851741293532,1.820625187202179
n: 79841, nnz: 316881, threads: 32
../matrix_large/rail_79841.mtx,0.007035000000000,0.007129000000000,0.007340000000000,0.090086993603412,0.088899144340020,0.086343596730245,0.858297654584222,0.846980502174218,0.822632697547684
n: 72000, nnz: 14393817, threads: 32
../matrix_large/nd24k.mtx,0.006885000000000,0.006985000000000,0.007435000000000,4.181210457516340,4.121350608446671,3.871907733691998,25.380073783587509,25.016722691481746,23.502596906523202
n: 71505, nnz: 2682895, threads: 32
../matrix_large/F2.mtx,0.006870000000000,0.007000000000000,0.007510000000000,0.781046579330422,0.766541428571428,0.714486018641811,4.977712372634644,4.885269142857142,4.553513182423435
n: 70304, nnz: 1528092, threads: 32
../matrix_large/lhr71.mtx,0.006990000000000,0.006955000000000,0.007475000000000,0.437222317596566,0.439422573687994,0.408854046822742,2.904952789699571,2.919571531272465,2.716470903010034
