matrix,time,time(scl),flop,flop(scl),byte,byte(scl)
m:79171
n:79171
nnz:2215638
../matrix_large/t3dh_a.mtx,0.007090000000000,0.006950000000000,0.625003667136812,0.637593669064748,4.062686600846263,4.144524892086331
m:70656
n:70656
nnz:949510
../matrix_large/cfd1.mtx,0.007050000000000,0.006895000000000,0.269364539007092,0.275419869470631,1.896807375886525,1.939447715736041
m:79841
n:79841
nnz:316881
../matrix_large/rail_79841.mtx,0.007080000000000,0.007065000000000,0.089514406779661,0.089704458598726,0.852842372881356,0.854653078556263
m:72000
n:72000
nnz:14393817
../matrix_large/nd24k.mtx,0.007025000000000,0.006984000000000,4.097883843416370,4.121940721649485,24.874278718861209,25.020304696449028
m:71505
n:71505
nnz:2682895
../matrix_large/F2.mtx,0.007020000000000,0.006945000000000,0.764357549857550,0.772611951043916,4.871350997150997,4.923957379409647
m:70304
n:70304
nnz:1528092
../matrix_large/lhr71.mtx,0.007145000000000,0.006929000000000,0.427737438768370,0.441071438880069,2.841934219734080,2.930526771539904
