matrix,time(scl),time(vec),time(cublas),flop(vec),flop(cublas),flop(scl),byte(scl),byte(vec),byte(cublas)
../matrix_large/t3dh_a.mtx,0.006960000000000,0.007075000000000,0.007435000000000,0.636677586206897,0.626328763250883,0.596002151983860,4.138570114942529,4.071300070671378,3.874169199731002
../matrix_large/cfd1.mtx,0.007175000000000,0.006915000000000,0.007585000000000,0.264671777003484,0.274623282718727,0.250365194462755,1.863761951219512,1.933838322487346,1.763018061964403
../matrix_large/rail_79841.mtx,0.006965000000000,0.006960000000000,0.007420000000000,0.090992390524049,0.091057758620690,0.085412668463612,0.866923761665470,0.867546551724138,0.813763342318059
../matrix_large/nd24k.mtx,0.007065000000000,0.007035000000000,0.007655000000000,4.074682802547771,4.092058848614072,3.760631482691052,24.733447699929229,24.838920824449179,22.827146701502286
../matrix_large/F2.mtx,0.007055000000000,0.006930000000000,0.007530000000000,0.760565556343019,0.774284271284271,0.712588313413015,4.847184124734231,4.934615295815296,4.541418857901727
../matrix_large/lhr71.mtx,0.006980000000000,0.006965000000000,0.007265000000000,0.437848710601719,0.438791672648959,0.420672264280798,2.909114613180516,2.915379755922470,2.794992429456297
