matrix,time,time(scl),flop,flop(scl),byte,byte(scl)
m:79171
n:79171
nnz:2215638
../matrix_large/t3dh_a.mtx,0.007145000000000,0.006900000000000,0.620192582225332,0.642213913043478,4.031413296011197,4.174557681159420
m:70656
n:70656
nnz:949510
../matrix_large/cfd1.mtx,0.007069000000000,0.006930000000000,0.268640543216862,0.274028860028860,1.891709152638280,1.929652525252525
m:79841
n:79841
nnz:316881
../matrix_large/rail_79841.mtx,0.007105000000000,0.007080000000000,0.089199437016186,0.089514406779661,0.849841520056298,0.852842372881356
m:72000
n:72000
nnz:14393817
../matrix_large/nd24k.mtx,0.006955000000000,0.006895000000000,4.139127821710999,4.175146337926034,25.124630913012222,25.343264394488763
m:71505
n:71505
nnz:2682895
../matrix_large/F2.mtx,0.007120000000000,0.006905000000000,0.753622191011236,0.777087617668356,4.802933146067415,4.952481390296885
m:70304
n:70304
nnz:1528092
../matrix_large/lhr71.mtx,0.006924000000000,0.006970000000000,0.441389948006932,0.438476901004304,2.932642980935875,2.913288378766141
