matrix,time(scl),time(vec),time(cublas),flop(vec),flop(cublas),flop(scl),byte(scl),byte(vec),byte(cublas)
../matrix_large/t3dh_a.mtx,0.006995000000000,0.006905000000000,0.007390000000000,0.633491922802001,0.641748877624909,0.599631393775372,4.117862473195140,4.171534829833454,3.897760216508796
../matrix_large/cfd1.mtx,0.007025000000000,0.006960000000000,0.007630000000000,0.270323131672598,0.272847701149425,0.248888597640891,1.903557580071174,1.921335057471264,1.752620183486239
../matrix_large/rail_79841.mtx,0.007070000000000,0.007085000000000,0.007470000000000,0.089641018387553,0.089451235003529,0.084840963855422,0.854048656294201,0.852240508115737,0.808316465863454
../matrix_large/nd24k.mtx,0.007020000000000,0.007045000000000,0.007395000000000,4.100802564102564,4.086250390347764,3.892851115618662,24.891995441595444,24.803663307310149,23.629723867478027
../matrix_large/F2.mtx,0.006905000000000,0.007025000000000,0.007355000000000,0.777087617668356,0.763813523131673,0.729543167912984,4.952481390296885,4.867883843416370,4.649474371176070
../matrix_large/lhr71.mtx,0.007150000000000,0.006915000000000,0.007490000000000,0.427438321678322,0.441964425162690,0.408035246995995,2.839946853146853,2.936459869848156,2.711030707610147
