matrix,time,time(scl),flop,flop(scl),byte,byte(scl)
m:79171
n:79171
nnz:2215638
../matrix_large/t3dh_a.mtx,0.007285000000000,0.006890000000000,0.608273987645848,0.643146008708273,3.953939327385038,4.180616545718433
m:70656
n:70656
nnz:949510
../matrix_large/cfd1.mtx,0.007109000000000,0.006920000000000,0.267128991419328,0.274424855491330,1.881065128710086,1.932441040462428
m:79841
n:79841
nnz:316881
../matrix_large/rail_79841.mtx,0.007150000000000,0.007065000000000,0.088638041958042,0.089704458598726,0.844492867132867,0.854653078556263
m:72000
n:72000
nnz:14393817
../matrix_large/nd24k.mtx,0.007180000000000,0.006965000000000,4.009419777158774,4.133185068198133,24.337299164345406,25.088558219669778
m:71505
n:71505
nnz:2682895
../matrix_large/F2.mtx,0.007050000000000,0.006850000000000,0.761104964539007,0.783327007299270,4.850621843971631,4.992245839416059
m:70304
n:70304
nnz:1528092
../matrix_large/lhr71.mtx,0.007000000000000,0.006890000000000,0.436597714285714,0.443568069666183,2.900802857142857,2.947114658925980
