matrix,time,time(scl),flop,flop(scl),byte,byte(scl)
m:79171
n:79171
nnz:2215638
../matrix_large/t3dh_a.mtx,0.006960000000000,0.006835000000000,0.636677586206897,0.648321287490856,4.138570114942529,4.214257205559619
m:70656
n:70656
nnz:949510
../matrix_large/cfd1.mtx,0.007010000000000,0.006955000000000,0.270901569186876,0.273043853342919,1.907630813124109,1.922716319194824
m:79841
n:79841
nnz:316881
../matrix_large/rail_79841.mtx,0.006955000000000,0.006935000000000,0.091123220704529,0.091386012977650,0.868170237239396,0.870673972602740
m:72000
n:72000
nnz:14393817
../matrix_large/nd24k.mtx,0.007010000000000,0.006930000000000,4.106652496433666,4.154059740259741,24.927504707560626,25.215268109668109
m:71505
n:71505
nnz:2682895
../matrix_large/F2.mtx,0.007225000000000,0.007040000000000,0.742669896193772,0.762186079545454,4.733132733564014,4.857511931818182
m:70304
n:70304
nnz:1528092
../matrix_large/lhr71.mtx,0.007079000000000,0.006965000000000,0.431725384941376,0.438791672648959,2.868430569289448,2.915379755922470
