matrix,time(scl),time(vec),time(cublas),flop(vec),flop(cublas),flop(scl),byte(scl),byte(vec),byte(cublas)
../matrix_large/t3dh_a.mtx,0.007035000000000,0.006955000000000,0.007339000000000,0.629889978678038,0.637135298346513,0.603798337648181,4.094448898365316,4.141545363048166,3.924846436844257
../matrix_large/cfd1.mtx,0.006945000000000,0.007120000000000,0.007580000000000,0.273437005039597,0.266716292134831,0.250530343007916,1.925484809215263,1.878158988764045,1.764181002638522
../matrix_large/rail_79841.mtx,0.007154000000000,0.007020000000000,0.007565000000000,0.088588481968130,0.090279487179487,0.083775545274289,0.844020687727146,0.860131623931624,0.798165763384005
../matrix_large/nd24k.mtx,0.006985000000000,0.007065000000000,0.007470000000000,4.121350608446671,4.074682802547771,3.853766265060241,25.016722691481746,24.733447699929229,23.392477643908968
../matrix_large/F2.mtx,0.007020000000000,0.007040000000000,0.007570000000000,0.764357549857550,0.762186079545454,0.708822985468956,4.871350997150997,4.857511931818182,4.517421928665786
../matrix_large/lhr71.mtx,0.007080000000000,0.007065000000000,0.007365000000000,0.431664406779661,0.432580891719745,0.414960488798371,2.868025423728814,2.874114649681529,2.757042769857434
