matrix,time,time(scl),flop,flop(scl),byte,byte(scl)
../matrix_large/t3dh_a.mtx,0.007000000000000,0.006905000000000,0.633039428571429,0.641748877624909,4.114921142857143,4.171534829833454
../matrix_large/cfd1.mtx,0.007220000000000,0.006990000000000,0.263022160664820,0.271676680972818,1.852145706371191,1.913088984263233
../matrix_large/rail_79841.mtx,0.007130000000000,0.006995000000000,0.088886676016830,0.090602144388849,0.846861711079944,0.863205718370264
../matrix_large/nd24k.mtx,0.007375000000000,0.007025000000000,3.903408000000000,4.097883843416370,23.693804474576272,24.874278718861209
../matrix_large/F2.mtx,0.007054000000000,0.006995000000000,0.760673376807485,0.767089349535382,4.847871278707117,4.888761115082201
../matrix_large/lhr71.mtx,0.006990000000000,0.006935000000000,0.437222317596566,0.440689834174477,2.904952789699571,2.927991348233598
