matrix,time(scl),time(vec),time(cublas),flop(vec),flop(cublas),flop(scl),byte(scl),byte(vec),byte(cublas)
../matrix_large/t3dh_a.mtx,0.007035000000000,0.006970000000000,0.007550000000000,0.629889978678038,0.635764131994261,0.586923973509934,4.094448898365316,4.132632424677189,3.815158675496689
../matrix_large/cfd1.mtx,0.007010000000000,0.007015000000000,0.007490000000000,0.270901569186876,0.270708481824661,0.253540720961282,1.907630813124109,1.906271133285816,1.785379439252337
../matrix_large/rail_79841.mtx,0.007025000000000,0.006900000000000,0.007390000000000,0.090215231316726,0.091849565217391,0.085759404600812,0.859519430604982,0.875090434782609,0.817066847090663
../matrix_large/nd24k.mtx,0.006990000000000,0.007010000000000,0.007335000000000,4.118402575107296,4.106652496433666,3.924694478527607,24.998828040057223,24.927504707560626,23.823014042263122
../matrix_large/F2.mtx,0.007085000000000,0.007060000000000,0.007610000000000,0.757345095271701,0.760026912181303,0.705097240473062,4.826659703599153,4.843751274787536,4.493677266754270
../matrix_large/lhr71.mtx,0.006950000000000,0.006995000000000,0.007480000000000,0.439738705035971,0.436909792709078,0.408580748663102,2.921671942446043,2.902876340243031,2.714655080213904
