matrix,time,time(scl),flop,flop(scl),byte,byte(scl)
m:79171
n:79171
nnz:2215638
../matrix_large/t3dh_a.mtx,0.006965000000000,0.006845000000000,0.636220531227566,0.647374141709277,4.135599138549892,4.208100511322133
m:70656
n:70656
nnz:949510
../matrix_large/cfd1.mtx,0.007140000000000,0.006940000000000,0.265969187675070,0.273634005763689,1.872898039215686,1.926872046109510
m:79841
n:79841
nnz:316881
../matrix_large/rail_79841.mtx,0.007070000000000,0.007055000000000,0.089641018387553,0.089831608788094,0.854048656294201,0.855864493267186
m:72000
n:72000
nnz:14393817
../matrix_large/nd24k.mtx,0.007130000000000,0.007040000000000,4.037536325385694,4.089152556818181,24.507967461430578,24.821279545454544
m:71505
n:71505
nnz:2682895
../matrix_large/F2.mtx,0.007105000000000,0.007040000000000,0.755213230119634,0.762186079545454,4.813073047149895,4.857511931818182
m:70304
n:70304
nnz:1528092
../matrix_large/lhr71.mtx,0.007175000000000,0.006910000000000,0.425948989547038,0.442284225759768,2.830051567944251,2.938584659913170
