matrix,time,time(scl),flop,flop(scl),byte,byte(scl)
../matrix_large/t3dh_a.mtx,0.007075000000000,0.007050000000000,0.626328763250883,0.628549787234043,4.071300070671378,4.085737304964539
../matrix_large/cfd1.mtx,0.007115000000000,0.006965000000000,0.266903724525650,0.272651830581479,1.879478847505271,1.919955778894472
../matrix_large/rail_79841.mtx,0.007164000000000,0.007165000000000,0.088464824120603,0.088452477320307,0.842842546063652,0.842724912770412
../matrix_large/nd24k.mtx,0.007310000000000,0.006940000000000,3.938116826265390,4.148074063400577,23.904488098495211,25.178934870317001
../matrix_large/F2.mtx,0.007135000000000,0.006930000000000,0.752037841625788,0.774284271284271,4.792835879467414,4.934615295815296
../matrix_large/lhr71.mtx,0.006900000000000,0.006925000000000,0.442925217391304,0.441326209386282,2.942843478260869,2.932219494584837
